upd,loss,best,alpha_sum,prob_0,prob_1,prob_2,prob_3,alpha_0,alpha_1,alpha_2,alpha_3,pused_0,pused_1,pused_2,pused_3,ophist_0,ophist_1,ophist_2,ophist_3,opimp_0,opimp_1,opimp_2,opimp_3
1,0.21605618298053741,1670247112.1224544,8.0,0.2659028172492981,0.23857221007347107,0.23760849237442017,0.25791648030281067,2.1272225379943848,1.9085776805877686,1.9008679389953613,2.0633318424224854,0.3370000123977661,0.08799999952316284,0.3959999978542328,0.17800000309944153,0.30000001192092896,0.14000000059604645,0.3799999952316284,0.18000000715255737,0.0,0.0,0.10499999672174454,0.22200000286102295
2,0.22199448943138123,1010996897.9813323,7.966386318206787,0.2664002478122711,0.2344759851694107,0.23656535148620605,0.2625584304332733,2.1222472190856934,1.8679262399673462,1.8845709562301636,2.091641902923584,0.2029999941587448,0.2409999966621399,0.4569999873638153,0.09799999743700027,0.3199999928474426,0.18000000715255737,0.3799999952316284,0.11999999731779099,0.06199999898672104,0.22200000286102295,0.2630000114440918,0.3330000042915344
3,0.18205752968788147,1010996897.9813323,7.932773590087891,0.26584741473197937,0.2367306649684906,0.2373744249343872,0.26004743576049805,2.108907461166382,1.877930760383606,1.8830375671386719,2.0628974437713623,0.3269999921321869,0.050999999046325684,0.45399999618530273,0.1679999977350235,0.41999998688697815,0.05999999865889549,0.4399999976158142,0.07999999821186066,0.1899999976158142,0.0,0.0,0.0
4,0.1702764928340912,1010996897.9813323,7.8991594314575195,0.26565930247306824,0.23588791489601135,0.23811927437782288,0.26033347845077515,2.098485231399536,1.863316297531128,1.8809421062469482,2.056415557861328,0.21699999272823334,0.5630000233650208,0.10100000351667404,0.11900000274181366,0.25999999046325684,0.5400000214576721,0.10000000149011612,0.10000000149011612,0.15399999916553497,0.03700000047683716,0.20000000298023224,0.0
5,0.16120508313179016,1010996897.9813323,7.865545749664307,0.26649871468544006,0.23580823838710785,0.2385321706533432,0.25916093587875366,2.0961577892303467,1.8547605276107788,1.876185655593872,2.0384421348571777,0.12999999523162842,0.1940000057220459,0.367000013589859,0.3089999854564667,0.18000000715255737,0.10000000149011612,0.46000000834465027,0.25999999046325684,0.22200000286102295,0.0,0.21699999272823334,0.30799999833106995
6,0.16274507343769073,534754231.4563982,7.831932544708252,0.266994833946228,0.23559586703777313,0.23898227512836456,0.2584270238876343,2.091085433959961,1.8451709747314453,1.8716930150985718,2.0239830017089844,0.40700000524520874,0.12200000137090683,0.23899999260902405,0.23100000619888306,0.4000000059604645,0.14000000059604645,0.23999999463558197,0.2199999988079071,0.05000000074505806,0.0,0.4169999957084656,0.18199999630451202
7,0.1525435447692871,534754231.4563982,7.798318862915039,0.2667408287525177,0.2344772070646286,0.23884627223014832,0.2599357068538666,2.080130100250244,1.8285280466079712,1.8625993728637695,2.0270614624023438,0.21299999952316284,0.21899999678134918,0.2160000056028366,0.35199999809265137,0.2800000011920929,0.18000000715255737,0.18000000715255737,0.36000001430511475,0.14300000667572021,0.11100000143051147,0.4440000057220459,0.27799999713897705
8,0.11772678047418594,534754231.4563982,7.764705657958984,0.2661202549934387,0.23402515053749084,0.23916631937026978,0.26068827509880066,2.066345453262329,1.8171364068984985,1.8570560216903687,2.024167776107788,0.164000004529953,0.21899999678134918,0.1599999964237213,0.4580000042915344,0.07999999821186066,0.20000000298023224,0.11999999731779099,0.6000000238418579,0.25,0.0,0.16699999570846558,0.06700000166893005
9,0.13183772563934326,534754231.4563982,7.73109245300293,0.26743626594543457,0.23250731825828552,0.24025000631809235,0.259806364774704,2.0675745010375977,1.7975355386734009,1.857395052909851,2.008587121963501,0.29899999499320984,0.14800000190734863,0.2639999985694885,0.289000004529953,0.30000001192092896,0.05999999865889549,0.2800000011920929,0.36000001430511475,0.3330000042915344,0.3330000042915344,0.14300000667572021,0.11100000143051147
10,0.14006751775741577,534754231.4563982,7.697478294372559,0.2667492628097534,0.23270046710968018,0.23920823633670807,0.2613420784473419,2.0532965660095215,1.7912068367004395,1.8413002490997314,2.0116748809814453,0.03700000047683716,0.29600000381469727,0.4129999876022339,0.2540000081062317,0.019999999552965164,0.23999999463558197,0.5,0.23999999463558197,0.0,0.08299999684095383,0.20000000298023224,0.25
11,0.1270606517791748,534754231.4563982,7.663865089416504,0.26725059747695923,0.23163670301437378,0.2398848831653595,0.26122787594795227,2.0481724739074707,1.7752324342727661,1.8384454250335693,2.0020151138305664,0.164000004529953,0.1120000034570694,0.335999995470047,0.3880000114440918,0.18000000715255737,0.03999999910593033,0.2800000011920929,0.5,0.0,0.5,0.21400000154972076,0.07999999821186066
12,0.11474703252315521,466875537.2445179,7.630251884460449,0.26709359884262085,0.23187018930912018,0.24048492312431335,0.2605512738227844,2.037991523742676,1.7692279815673828,1.8349605798721313,1.9880717992782593,0.30399999022483826,0.31200000643730164,0.20900000631809235,0.17499999701976776,0.20000000298023224,0.3400000035762787,0.30000001192092896,0.1599999964237213,0.10000000149011612,0.0,0.4000000059604645,0.0
13,0.12008437514305115,466875537.2445179,7.5966386795043945,0.2674800753593445,0.23172028362751007,0.2411538064479828,0.25964581966400146,2.031949520111084,1.7602952718734741,1.831958293914795,1.972435474395752,0.10199999809265137,0.3490000069141388,0.1459999978542328,0.40400001406669617,0.11999999731779099,0.30000001192092896,0.20000000298023224,0.3799999952316284,0.16699999570846558,0.0,0.30000001192092896,0.210999995470047
14,0.11117011308670044,466875537.2445179,7.56302547454834,0.2682160437107086,0.23008288443088531,0.24105575680732727,0.2606452405452728,2.028524875640869,1.740122675895691,1.823110818862915,1.971266508102417,0.25200000405311584,0.15199999511241913,0.10000000149011612,0.4959999918937683,0.25999999046325684,0.18000000715255737,0.03999999910593033,0.5199999809265137,0.07699999958276749,0.0,0.0,0.11500000208616257
15,0.11657177656888962,466875537.2445179,7.529411315917969,0.2677096128463745,0.23009908199310303,0.2410455197095871,0.26114577054977417,2.015695810317993,1.7325106859207153,1.8149309158325195,1.9662740230560303,0.04699999839067459,0.3709999918937683,0.21299999952316284,0.36899998784065247,0.05999999865889549,0.47999998927116394,0.23999999463558197,0.2199999988079071,0.3330000042915344,0.041999999433755875,0.0,0.09099999815225601
16,0.11331254243850708,466875537.2445179,7.495798110961914,0.26764345169067383,0.22985778748989105,0.2415805608034134,0.26091817021369934,2.0062012672424316,1.7229676246643066,1.810839056968689,1.9557899236679077,0.3409999907016754,0.2290000021457672,0.32199999690055847,0.10700000077486038,0.41999998688697815,0.1599999964237213,0.3199999928474426,0.10000000149011612,0.04800000041723251,0.0,0.18799999356269836,0.0
17,0.10009071230888367,466875537.2445179,7.462184906005859,0.26794466376304626,0.22908106446266174,0.24171555042266846,0.26125872135162354,1.9994525909423828,1.7094452381134033,1.803726077079773,1.9495608806610107,0.621999979019165,0.02500000037252903,0.07599999755620956,0.2770000100135803,0.6800000071525574,0.019999999552965164,0.019999999552965164,0.2800000011920929,0.028999999165534973,0.0,0.0,0.07100000232458115
18,0.1080220490694046,466875537.2445179,7.4285712242126465,0.2676084041595459,0.22924289107322693,0.24163927137851715,0.2615094780921936,1.9879480600357056,1.7029471397399902,1.7950345277786255,1.9426417350769043,0.24199999868869781,0.09200000017881393,0.5440000295639038,0.12200000137090683,0.30000001192092896,0.07999999821186066,0.5199999809265137,0.10000000149011612,0.13300000131130219,0.0,0.26899999380111694,0.0
19,0.0902617797255516,466875537.2445179,7.39495849609375,0.26816558837890625,0.22833487391471863,0.2421596795320511,0.26133984327316284,1.9830734729766846,1.6885268688201904,1.7907607555389404,1.9325973987579346,0.6579999923706055,0.17800000309944153,0.10100000351667404,0.06300000101327896,0.7400000095367432,0.1599999964237213,0.05999999865889549,0.03999999910593033,0.027000000700354576,0.125,0.0,0.0
20,0.08113303780555725,466875537.2445179,7.361344337463379,0.26931580901145935,0.22744745016098022,0.24268308281898499,0.26055365800857544,1.982526421546936,1.6743190288543701,1.7864737510681152,1.9180251359939575,0.49900001287460327,0.09700000286102295,0.2549999952316284,0.15000000596046448,0.3799999952316284,0.10000000149011612,0.36000001430511475,0.1599999964237213,0.0,0.20000000298023224,0.16699999570846558,0.125
21,0.08763763308525085,466875537.2445179,7.327730655670166,0.2685064375400543,0.22742342948913574,0.2427329123020172,0.2613372504711151,1.9675427675247192,1.6664975881576538,1.7786813974380493,1.9150089025497437,0.20000000298023224,0.28700000047683716,0.13500000536441803,0.37700000405311584,0.2199999988079071,0.2199999988079071,0.1599999964237213,0.4000000059604645,0.09099999815225601,0.09099999815225601,0.375,0.05000000074505806
22,0.09298007935285568,466875537.2445179,7.294116973876953,0.2694113254547119,0.22605545818805695,0.2434697300195694,0.2610635459423065,1.9651178121566772,1.6488749980926514,1.775896668434143,1.9042279720306396,0.35899999737739563,0.14000000059604645,0.15800000727176666,0.34299999475479126,0.36000001430511475,0.20000000298023224,0.14000000059604645,0.30000001192092896,0.16699999570846558,0.0,0.14300000667572021,0.20000000298023224
23,0.08673722296953201,466875537.2445179,7.260503768920898,0.26588186621665955,0.22861747443675995,0.24344351887702942,0.2620571553707123,1.930436372756958,1.6598780155181885,1.7675225734710693,1.9026670455932617,0.164000004529953,0.5289999842643738,0.18000000715255737,0.12800000607967377,0.20000000298023224,0.47999998927116394,0.1599999964237213,0.1599999964237213,0.30000001192092896,0.08299999684095383,0.25,0.125
24,0.08911511301994324,466875537.2445179,7.22689151763916,0.2657912075519562,0.2241891622543335,0.2469225525856018,0.26309701800346375,1.9208441972732544,1.6201907396316528,1.784482479095459,1.9013736248016357,0.2290000021457672,0.17599999904632568,0.3840000033378601,0.20999999344348907,0.3400000035762787,0.2199999988079071,0.30000001192092896,0.14000000059604645,0.11800000071525574,0.0,0.13300000131130219,0.14300000667572021
25,0.07789552956819534,466875537.2445179,7.193276882171631,0.2672260105609894,0.22692199051380157,0.24439416825771332,0.2614578604698181,1.92223060131073,1.6323126554489136,1.7579948902130127,1.8807388544082642,0.14499999582767487,0.4129999876022339,0.296999990940094,0.14499999582767487,0.1599999964237213,0.3400000035762787,0.3400000035762787,0.1599999964237213,0.125,0.0,0.23499999940395355,0.0
26,0.08840242773294449,466875537.2445179,7.159663677215576,0.26772990822792053,0.22645308077335358,0.2443326711654663,0.2614843547344208,1.916856050491333,1.6213278770446777,1.7493396997451782,1.8721400499343872,0.18000000715255737,0.3840000033378601,0.2150000035762787,0.22100000083446503,0.20000000298023224,0.5199999809265137,0.14000000059604645,0.14000000059604645,0.10000000149011612,0.11500000208616257,0.42899999022483826,0.0
27,0.08282536268234253,466875537.2445179,7.1260504722595215,0.26832520961761475,0.22553624212741852,0.24512076377868652,0.261017769575119,1.912099003791809,1.6071826219558716,1.7467429637908936,1.8600257635116577,0.43799999356269836,0.10199999809265137,0.30799999833106995,0.15199999511241913,0.5,0.1599999964237213,0.2800000011920929,0.05999999865889549,0.1599999964237213,0.0,0.0,0.3330000042915344
28,0.0912591740489006,466875537.2445179,7.092435836791992,0.2684195935726166,0.22578461468219757,0.24542807042598724,0.2603677809238434,1.9037487506866455,1.601362943649292,1.74068284034729,1.8466417789459229,0.36399999260902405,0.05299999937415123,0.289000004529953,0.29499998688697815,0.41999998688697815,0.03999999910593033,0.23999999463558197,0.30000001192092896,0.28600001335144043,0.0,0.25,0.0
29,0.07915867120027542,466875537.2445179,7.058823585510254,0.26757436990737915,0.22623629868030548,0.24548259377479553,0.26070669293403625,1.8887603282928467,1.5969620943069458,1.732818365097046,1.8402825593948364,0.23100000619888306,0.05700000002980232,0.2549999952316284,0.4569999873638153,0.18000000715255737,0.03999999910593033,0.2800000011920929,0.5,0.3330000042915344,0.0,0.14300000667572021,0.11999999731779099
30,0.09401433169841766,466875537.2445179,7.025210380554199,0.2668052315711975,0.2251523733139038,0.2457144856452942,0.2623278796672821,1.8743629455566406,1.581742763519287,1.7261959314346313,1.8429086208343506,0.17599999904632568,0.21400000154972076,0.21799999475479126,0.39100000262260437,0.14000000059604645,0.14000000059604645,0.25999999046325684,0.46000000834465027,0.14300000667572021,0.28600001335144043,0.30799999833106995,0.17399999499320984
31,0.09309747815132141,466875537.2445179,6.9915971755981445,0.2654208242893219,0.2269359976053238,0.24476295709609985,0.26288023591041565,1.8557155132293701,1.5866451263427734,1.7112840414047241,1.8379526138305664,0.06199999898672104,0.6430000066757202,0.1809999942779541,0.11400000005960464,0.11999999731779099,0.5799999833106995,0.20000000298023224,0.10000000149011612,0.0,0.03400000184774399,0.10000000149011612,0.20000000298023224
32,0.08425282686948776,466875537.2445179,6.957983016967773,0.26728716492652893,0.22544868290424347,0.2469668835401535,0.2602972388267517,1.8597795963287354,1.5686681270599365,1.7183914184570312,1.8111437559127808,0.08699999749660492,0.07900000363588333,0.19900000095367432,0.6349999904632568,0.1599999964237213,0.07999999821186066,0.18000000715255737,0.5799999833106995,0.0,0.0,0.11100000143051147,0.10300000011920929
33,0.07586824148893356,466875537.2445179,6.924369812011719,0.26654767990112305,0.2222146987915039,0.24993343651294708,0.26130419969558716,1.845674753189087,1.5386967658996582,1.7306315898895264,1.8093669414520264,0.10700000077486038,0.27300000190734863,0.4519999921321869,0.1679999977350235,0.11999999731779099,0.2199999988079071,0.5600000023841858,0.10000000149011612,0.16699999570846558,0.0,0.42899999022483826,0.20000000298023224
34,0.0824703499674797,466875537.2445179,6.890756607055664,0.2653660476207733,0.22658587992191315,0.24599069356918335,0.2620573043823242,1.8285728693008423,1.5613481998443604,1.6950620412826538,1.8057730197906494,0.24500000476837158,0.5619999766349792,0.06700000166893005,0.12600000202655792,0.1599999964237213,0.6399999856948853,0.05999999865889549,0.14000000059604645,0.0,0.09399999678134918,0.0,0.14300000667572021
35,0.07272575050592422,466875537.2445179,6.857143402099609,0.26575833559036255,0.22522398829460144,0.2484063059091568,0.26061129570007324,1.822343111038208,1.5443931818008423,1.7033576965332031,1.7870490550994873,0.10199999809265137,0.6269999742507935,0.07699999958276749,0.1940000057220459,0.05999999865889549,0.6200000047683716,0.019999999552965164,0.30000001192092896,0.3330000042915344,0.03200000151991844,0.0,0.0
36,0.07638412714004517,466875537.2445179,6.82352876663208,0.2657147943973541,0.22591933608055115,0.2478511780500412,0.26051464676856995,1.8131126165390015,1.541567087173462,1.691219687461853,1.7776292562484741,0.11400000005960464,0.3100000023841858,0.46799999475479126,0.1080000028014183,0.10000000149011612,0.36000001430511475,0.5,0.03999999910593033,0.0,0.0,0.23999999463558197,0.0
37,0.07483770698308945,466875537.2445179,6.789915561676025,0.26538774371147156,0.22504620254039764,0.24955862760543823,0.26000744104385376,1.8019604682922363,1.5280447006225586,1.6944819688796997,1.7654286623001099,0.3100000023841858,0.39899998903274536,0.17499999701976776,0.11599999666213989,0.2800000011920929,0.4399999976158142,0.20000000298023224,0.07999999821186066,0.21400000154972076,0.0,0.30000001192092896,0.25
38,0.07925363630056381,466875537.2445179,6.756302356719971,0.26503702998161316,0.22581282258033752,0.2488180249929428,0.2603321075439453,1.7906702756881714,1.5256596803665161,1.6810897588729858,1.7588824033737183,0.5099999904632568,0.07900000363588333,0.30000001192092896,0.11100000143051147,0.4000000059604645,0.14000000059604645,0.3199999928474426,0.14000000059604645,0.05000000074505806,0.0,0.375,0.14300000667572021
39,0.08109539747238159,466875537.2445179,6.7226881980896,0.26534515619277954,0.22494301199913025,0.24934211373329163,0.26036974787712097,1.7838327884674072,1.5122216939926147,1.6762492656707764,1.7503846883773804,0.054999999701976776,0.017999999225139618,0.8809999823570251,0.04699999839067459,0.05999999865889549,0.019999999552965164,0.8799999952316284,0.03999999910593033,0.3330000042915344,0.0,0.22699999809265137,1.0
40,0.09100041538476944,466875537.2445179,6.689075469970703,0.26498153805732727,0.22526158392429352,0.2489273101091385,0.26082950830459595,1.7724815607070923,1.5067917108535767,1.6650935411453247,1.7447082996368408,0.6019999980926514,0.07199999690055847,0.17900000512599945,0.1459999978542328,0.6200000047683716,0.019999999552965164,0.20000000298023224,0.1599999964237213,0.16099999845027924,0.0,0.30000001192092896,0.0
41,0.077799491584301,466875537.2445179,6.655462741851807,0.26482731103897095,0.22502084076404572,0.2493329644203186,0.26081886887550354,1.7625483274459839,1.4976178407669067,1.659426212310791,1.735870361328125,0.13199999928474426,0.06199999898672104,0.7749999761581421,0.03099999949336052,0.14000000059604645,0.1599999964237213,0.6399999856948853,0.05999999865889549,0.0,0.125,0.15600000321865082,0.0
42,0.08868052065372467,466875537.2445179,6.621848106384277,0.26442649960517883,0.22517085075378418,0.2507267892360687,0.25967589020729065,1.7509920597076416,1.4910471439361572,1.660274624824524,1.7195343971252441,0.22499999403953552,0.15600000321865082,0.08399999886751175,0.5360000133514404,0.1599999964237213,0.11999999731779099,0.10000000149011612,0.6200000047683716,0.125,0.0,0.20000000298023224,0.09700000286102295
43,0.09255629032850266,466875537.2445179,6.588235378265381,0.26452645659446716,0.22477565705776215,0.25011345744132996,0.26058441400527954,1.742762565612793,1.4808748960494995,1.6478062868118286,1.7167915105819702,0.18799999356269836,0.0989999994635582,0.47099998593330383,0.24300000071525574,0.14000000059604645,0.18000000715255737,0.5,0.18000000715255737,0.14300000667572021,0.0,0.2800000011920929,0.0
44,0.08445195853710175,466875537.2445179,6.554621696472168,0.26510706543922424,0.22310619056224823,0.2505132257938385,0.26127350330352783,1.7376765012741089,1.4623767137527466,1.6420193910598755,1.7125489711761475,0.0729999989271164,0.057999998331069946,0.4819999933242798,0.3869999945163727,0.019999999552965164,0.03999999910593033,0.46000000834465027,0.47999998927116394,0.0,0.0,0.21699999272823334,0.125
45,0.07327686250209808,466875537.2445179,6.5210089683532715,0.2640131413936615,0.2252091020345688,0.25065919756889343,0.2601185142993927,1.7216321229934692,1.4685906171798706,1.6345508098602295,1.696235179901123,0.2840000092983246,0.4350000023841858,0.0430000014603138,0.23800000548362732,0.25999999046325684,0.46000000834465027,0.05999999865889549,0.2199999988079071,0.07699999958276749,0.0,0.3330000042915344,0.09099999815225601
46,0.08662145584821701,466875537.2445179,6.4873948097229,0.2627403736114502,0.22687597572803497,0.24682952463626862,0.2635541558265686,1.7045005559921265,1.4718340635299683,1.6012805700302124,1.7097798585891724,0.050999999046325684,0.14000000059604645,0.6779999732971191,0.13199999928474426,0.019999999552965164,0.10000000149011612,0.6800000071525574,0.20000000298023224,0.0,0.0,0.3240000009536743,0.0
47,0.07530540972948074,466875537.2445179,6.4537811279296875,0.26404616236686707,0.2243838608264923,0.251219779253006,0.2603502869606018,1.7040960788726807,1.4481242895126343,1.6213173866271973,1.680243730545044,0.2540000081062317,0.028999999165534973,0.38499999046325684,0.3330000042915344,0.25999999046325684,0.0,0.3199999928474426,0.41999998688697815,0.15399999916553497,0.0,0.18799999356269836,0.0949999988079071
48,0.08221752941608429,466875537.2445179,6.420167922973633,0.26361578702926636,0.2252197265625,0.2504718005657196,0.26069265604019165,1.692457675933838,1.4459484815597534,1.608070969581604,1.673690676689148,0.36000001430511475,0.04100000113248825,0.3709999918937683,0.2280000001192093,0.3799999952316284,0.03999999910593033,0.3199999928474426,0.25999999046325684,0.05299999937415123,0.5,0.125,0.15399999916553497
49,0.07170321047306061,466875537.2445179,6.386555194854736,0.26323074102401733,0.22568906843662262,0.2507839500904083,0.2602962553501129,1.6811375617980957,1.441375732421875,1.6016454696655273,1.6623963117599487,0.15399999916553497,0.49000000953674316,0.2630000114440918,0.09300000220537186,0.18000000715255737,0.5600000023841858,0.20000000298023224,0.05999999865889549,0.11100000143051147,0.10700000077486038,0.5,0.3330000042915344
50,0.07729795575141907,466875537.2445179,6.352941036224365,0.26352083683013916,0.2252415269613266,0.249929741024971,0.26130789518356323,1.6741323471069336,1.4309461116790771,1.5877889394760132,1.6600736379623413,0.07800000160932541,0.5899999737739563,0.0949999988079071,0.2370000034570694,0.0,0.6600000262260437,0.10000000149011612,0.23999999463558197,0.0,0.029999999329447746,0.0,0.08299999684095383
51,0.0753374844789505,466875537.2445179,6.319328308105469,0.2635324001312256,0.22506506741046906,0.25076842308044434,0.26063406467437744,1.6653478145599365,1.422260046005249,1.5846880674362183,1.6470322608947754,0.37599998712539673,0.05000000074505806,0.23199999332427979,0.34200000762939453,0.4000000059604645,0.03999999910593033,0.2199999988079071,0.3400000035762787,0.0,0.0,0.18199999630451202,0.11800000071525574
52,0.07609935849905014,466875537.2445179,6.285714626312256,0.263664186000824,0.2247745245695114,0.2507052719593048,0.2608560025691986,1.6573177576065063,1.4128684997558594,1.5758618116378784,1.6396664381027222,0.3179999887943268,0.02500000037252903,0.20200000703334808,0.45500001311302185,0.36000001430511475,0.07999999821186066,0.18000000715255737,0.3799999952316284,0.11100000143051147,0.0,0.11100000143051147,0.210999995470047
53,0.0873173400759697,466875537.2445179,6.252101421356201,0.26307860016822815,0.22556239366531372,0.25098615884780884,0.2603728175163269,1.6447941064834595,1.4102389812469482,1.5691908597946167,1.6278773546218872,0.03400000184774399,0.3580000102519989,0.2939999997615814,0.3140000104904175,0.05999999865889549,0.2800000011920929,0.30000001192092896,0.36000001430511475,0.0,0.07100000232458115,0.3330000042915344,0.11100000143051147
54,0.06821324676275253,466875537.2445179,6.218487739562988,0.2632234990596771,0.22521162033081055,0.2512829303741455,0.26028186082839966,1.6368520259857178,1.4004757404327393,1.5625998973846436,1.6185595989227295,0.48899999260902405,0.10899999737739563,0.24199999868869781,0.1599999964237213,0.3799999952316284,0.14000000059604645,0.30000001192092896,0.18000000715255737,0.0,0.0,0.4000000059604645,0.22200000286102295
55,0.06665968894958496,466875537.2445179,6.184874057769775,0.26314494013786316,0.2254372239112854,0.2510705590248108,0.26034727692604065,1.6275182962417603,1.3943008184432983,1.552839756011963,1.6102150678634644,0.6019999980926514,0.05999999865889549,0.2540000081062317,0.08399999886751175,0.6000000238418579,0.03999999910593033,0.3400000035762787,0.019999999552965164,0.10000000149011612,0.0,0.3529999852180481,0.0
56,0.06390337646007538,466875537.2445179,6.1512603759765625,0.26284652948379517,0.22566361725330353,0.25129809975624084,0.26019173860549927,1.6168373823165894,1.388115644454956,1.5458000898361206,1.600507140159607,0.22100000083446503,0.23499999940395355,0.46700000762939453,0.07699999958276749,0.18000000715255737,0.3400000035762787,0.41999998688697815,0.05999999865889549,0.22200000286102295,0.05900000035762787,0.23800000548362732,0.0
57,0.0808832049369812,466875537.2445179,6.117647647857666,0.2602810263633728,0.22616030275821686,0.25319704413414,0.26036161184310913,1.592307686805725,1.3835690021514893,1.5489702224731445,1.5928006172180176,0.36399999260902405,0.3720000088214874,0.1860000044107437,0.07800000160932541,0.2800000011920929,0.36000001430511475,0.2800000011920929,0.07999999821186066,0.14300000667572021,0.27799999713897705,0.14300000667572021,0.0
58,0.06975813210010529,466875537.2445179,6.084033489227295,0.26288026571273804,0.2250637710094452,0.2513269782066345,0.26072895526885986,1.599372386932373,1.3692954778671265,1.5290817022323608,1.5862836837768555,0.05900000035762787,0.5609999895095825,0.11699999868869781,0.2630000114440918,0.14000000059604645,0.5,0.11999999731779099,0.23999999463558197,0.0,0.07999999821186066,0.0,0.0
59,0.07397180795669556,466875537.2445179,6.050420761108398,0.262760728597641,0.22535178065299988,0.25175637006759644,0.2601310908794403,1.589812994003296,1.3634730577468872,1.5232319831848145,1.5739024877548218,0.1889999955892563,0.4959999918937683,0.22100000083446503,0.09399999678134918,0.25999999046325684,0.41999998688697815,0.25999999046325684,0.05999999865889549,0.07699999958276749,0.04800000041723251,0.23100000619888306,0.3330000042915344
60,0.06916025280952454,466875537.2445179,6.016806602478027,0.26254916191101074,0.22583834826946259,0.2506050765514374,0.2610073685646057,1.5797075033187866,1.35882568359375,1.5078423023223877,1.570430874824524,0.5099999904632568,0.10400000214576721,0.3160000145435333,0.07000000029802322,0.5600000023841858,0.11999999731779099,0.25999999046325684,0.05999999865889549,0.10700000077486038,0.0,0.15399999916553497,0.0
61,0.05946079641580582,466875537.2445179,5.983193397521973,0.26243922114372253,0.2261684238910675,0.25012096762657166,0.2612713873386383,1.570224642753601,1.353209376335144,1.496522068977356,1.563237190246582,0.2939999997615814,0.1509999930858612,0.25200000405311584,0.30300000309944153,0.36000001430511475,0.10000000149011612,0.25999999046325684,0.2800000011920929,0.11100000143051147,0.0,0.30799999833106995,0.07100000232458115
62,0.0631079226732254,466875537.2445179,5.949579238891602,0.26306939125061035,0.22461041808128357,0.25229477882385254,0.2600254714488983,1.5651521682739258,1.3363374471664429,1.5010477304458618,1.5470421314239502,0.6800000071525574,0.2240000069141388,0.0689999982714653,0.027000000700354576,0.6600000262260437,0.20000000298023224,0.07999999821186066,0.05999999865889549,0.12099999934434891,0.0,0.25,0.0
63,0.08317436277866364,466875537.2445179,5.915966987609863,0.2649153172969818,0.2245309203863144,0.24889472126960754,0.26165899634361267,1.5672303438186646,1.3283175230026245,1.472452998161316,1.5479660034179688,0.3230000138282776,0.23000000417232513,0.2590000033378601,0.18799999356269836,0.3199999928474426,0.18000000715255737,0.36000001430511475,0.14000000059604645,0.125,0.11100000143051147,0.27799999713897705,0.0
64,0.06503219902515411,466875537.2445179,5.88235330581665,0.2629238963127136,0.22508566081523895,0.2517527639865875,0.2602376639842987,1.5466113090515137,1.3240333795547485,1.4808987379074097,1.5308098793029785,0.42899999022483826,0.1509999930858612,0.10199999809265137,0.3179999887943268,0.3400000035762787,0.18000000715255737,0.07999999821186066,0.4000000059604645,0.0,0.11100000143051147,0.5,0.05000000074505806
65,0.07239008694887161,466875537.2445179,5.848739147186279,0.26274192333221436,0.22537995874881744,0.25161445140838623,0.26026371121406555,1.536708950996399,1.3181885480880737,1.4716273546218872,1.5222145318984985,0.44699999690055847,0.26499998569488525,0.03700000047683716,0.25099998712539673,0.5400000214576721,0.25999999046325684,0.019999999552965164,0.18000000715255737,0.11100000143051147,0.07699999958276749,0.0,0.0
66,0.06719985604286194,466875537.2445179,5.815126419067383,0.26259109377861023,0.22496525943279266,0.2526436150074005,0.2597999572753906,1.5270004272460938,1.3082014322280884,1.4691545963287354,1.5107696056365967,0.27000001072883606,0.5370000004768372,0.15700000524520874,0.035999998450279236,0.2800000011920929,0.46000000834465027,0.18000000715255737,0.07999999821186066,0.14300000667572021,0.12999999523162842,0.11100000143051147,0.25
67,0.07523927837610245,466875537.2445179,5.781512260437012,0.26250362396240234,0.225911945104599,0.2514253854751587,0.26015907526016235,1.5176678895950317,1.3061126470565796,1.4536188840866089,1.5041128396987915,0.14000000059604645,0.23100000619888306,0.13699999451637268,0.492000013589859,0.11999999731779099,0.20000000298023224,0.2199999988079071,0.46000000834465027,0.16699999570846558,0.10000000149011612,0.18199999630451202,0.17399999499320984
68,0.07209610939025879,466875537.2445179,5.747899055480957,0.2628495395183563,0.22462286055088043,0.25282034277915955,0.2597072422504425,1.510832667350769,1.291109561920166,1.453185796737671,1.492771029472351,0.1340000033378601,0.10499999672174454,0.5339999794960022,0.22699999809265137,0.10000000149011612,0.1599999964237213,0.4399999976158142,0.30000001192092896,0.0,0.0,0.22699999809265137,0.0
69,0.07542627304792404,466875537.2445179,5.714285373687744,0.26254773139953613,0.22601939737796783,0.2510892152786255,0.2603437006473541,1.5002726316452026,1.2915393114089966,1.4347954988479614,1.4876781702041626,0.1889999955892563,0.25,0.1340000033378601,0.4269999861717224,0.18000000715255737,0.25999999046325684,0.05999999865889549,0.5,0.11100000143051147,0.07699999958276749,0.3330000042915344,0.03999999910593033
70,0.06815242022275925,466875537.2445179,5.680671691894531,0.2626805305480957,0.22531330585479736,0.25275444984436035,0.25925177335739136,1.4922019243240356,1.2799309492111206,1.4358149766921997,1.472724199295044,0.16599999368190765,0.25699999928474426,0.07500000298023224,0.5019999742507935,0.18000000715255737,0.3400000035762787,0.0,0.47999998927116394,0.11100000143051147,0.05900000035762787,0.0,0.2919999957084656
71,0.06357275694608688,466875537.2445179,5.647058486938477,0.2628719210624695,0.22399459779262543,0.2537509799003601,0.25938254594802856,1.4844530820846558,1.2649105787277222,1.4329465627670288,1.4647483825683594,0.31700000166893005,0.22499999403953552,0.34599998593330383,0.1120000034570694,0.2800000011920929,0.2199999988079071,0.4000000059604645,0.10000000149011612,0.14300000667572021,0.0,0.25,0.0
72,0.06886161863803864,444368309.8862979,5.613445281982422,0.2638636827468872,0.22362861037254333,0.2515973448753357,0.26091039180755615,1.4811843633651733,1.2553269863128662,1.4123278856277466,1.4646061658859253,0.7360000014305115,0.13300000131130219,0.04800000041723251,0.08299999684095383,0.8399999737739563,0.14000000059604645,0.019999999552965164,0.0,0.23800000548362732,0.28600001335144043,0.0,0.0
73,0.06905421614646912,444368309.8862979,5.579832553863525,0.2622987627983093,0.22507517039775848,0.25325512886047363,0.259370893239975,1.46358323097229,1.2558817863464355,1.413121223449707,1.4472460746765137,0.1860000044107437,0.2150000035762787,0.2619999945163727,0.3370000123977661,0.11999999731779099,0.2199999988079071,0.30000001192092896,0.36000001430511475,0.0,0.18199999630451202,0.06700000166893005,0.22200000286102295
74,0.06585527211427689,444368309.8862979,5.546218395233154,0.262204110622406,0.22588776051998138,0.2522987425327301,0.2596094012260437,1.4542412757873535,1.2528228759765625,1.399303913116455,1.4398504495620728,0.1289999932050705,0.03400000184774399,0.5720000267028809,0.26499998569488525,0.11999999731779099,0.05999999865889549,0.5799999833106995,0.23999999463558197,0.0,0.0,0.3100000023841858,0.16699999570846558
75,0.0712638720870018,444368309.8862979,5.512604713439941,0.2662293612957001,0.222024068236351,0.2520170509815216,0.2597295641899109,1.467617154121399,1.2239309549331665,1.389270305633545,1.4317864179611206,0.13300000131130219,0.29899999499320984,0.1940000057220459,0.37299999594688416,0.20000000298023224,0.2199999988079071,0.14000000059604645,0.4399999976158142,0.10000000149011612,0.09099999815225601,0.0,0.22699999809265137
76,0.06664232164621353,444368309.8862979,5.478991985321045,0.2622215151786804,0.22560656070709229,0.252941370010376,0.25923049449920654,1.4367096424102783,1.2360965013504028,1.3858636617660522,1.4203218221664429,0.7509999871253967,0.03700000047683716,0.03099999949336052,0.18199999630451202,0.7799999713897705,0.019999999552965164,0.019999999552965164,0.18000000715255737,0.10300000011920929,0.0,0.0,0.11100000143051147
77,0.07112285494804382,444368309.8862979,5.44537878036499,0.26267746090888977,0.22480714321136475,0.2534099221229553,0.2591054141521454,1.4303781986236572,1.224160075187683,1.379913091659546,1.410927176475525,0.6650000214576721,0.032999999821186066,0.25600001215934753,0.04699999839067459,0.7799999713897705,0.0,0.20000000298023224,0.019999999552965164,0.23100000619888306,0.0,0.0,0.0
78,0.08295973390340805,444368309.8862979,5.411764144897461,0.2634403109550476,0.2251904159784317,0.251790314912796,0.25957897305488586,1.4256768226623535,1.2186774015426636,1.362629771232605,1.4047801494598389,0.2800000011920929,0.28600001335144043,0.20399999618530273,0.2290000021457672,0.1599999964237213,0.2199999988079071,0.23999999463558197,0.3799999952316284,0.0,0.18199999630451202,0.25,0.210999995470047
79,0.06880925595760345,444368309.8862979,5.378150939941406,0.2620590925216675,0.22595515847206116,0.25297239422798157,0.25901341438293457,1.4093934297561646,1.2152209281921387,1.3605237007141113,1.3930132389068604,0.15399999916553497,0.023000000044703484,0.46700000762939453,0.35600000619888306,0.18000000715255737,0.019999999552965164,0.41999998688697815,0.3799999952316284,0.11100000143051147,0.0,0.28600001335144043,0.210999995470047
80,0.07046490162611008,444368309.8862979,5.34453821182251,0.2622081935405731,0.22630751132965088,0.25161507725715637,0.25986918807029724,1.4013817310333252,1.2095091342926025,1.34476637840271,1.3888808488845825,0.3930000066757202,0.07900000363588333,0.16300000250339508,0.36399999260902405,0.4399999976158142,0.11999999731779099,0.1599999964237213,0.2800000011920929,0.18199999630451202,0.3330000042915344,0.25,0.14300000667572021
81,0.07086095958948135,444368309.8862979,5.310925006866455,0.26278290152549744,0.22512070834636688,0.25347596406936646,0.2586204409599304,1.395620346069336,1.1955991983413696,1.3461917638778687,1.3735136985778809,0.15000000596046448,0.18700000643730164,0.550000011920929,0.11299999803304672,0.20000000298023224,0.23999999463558197,0.46000000834465027,0.10000000149011612,0.30000001192092896,0.08299999684095383,0.08699999749660492,0.20000000298023224
82,0.05569108575582504,444368309.8862979,5.277310371398926,0.2622893750667572,0.2263256013393402,0.25251346826553345,0.2588716149330139,1.3841824531555176,1.1943904161453247,1.3325918912887573,1.3661458492279053,0.20800000429153442,0.10100000351667404,0.597000002861023,0.09399999678134918,0.3199999928474426,0.14000000059604645,0.4399999976158142,0.10000000149011612,0.125,0.14300000667572021,0.22699999809265137,0.0
83,0.06062665954232216,444368309.8862979,5.243697643280029,0.2637045681476593,0.2250468134880066,0.2534070611000061,0.2578415870666504,1.3827869892120361,1.1800774335861206,1.3287900686264038,1.3520432710647583,0.009999999776482582,0.15000000596046448,0.02199999988079071,0.8180000185966492,0.0,0.11999999731779099,0.0,0.8799999952316284,0.0,0.0,0.0,0.023000000044703484
84,0.06219997629523277,444368309.8862979,5.210083961486816,0.26197880506515503,0.22547298669815063,0.25142475962638855,0.2611234486103058,1.364931583404541,1.1747331619262695,1.3099441528320312,1.3604750633239746,0.3230000138282776,0.05299999937415123,0.26899999380111694,0.35499998927116394,0.30000001192092896,0.05999999865889549,0.3799999952316284,0.25999999046325684,0.3330000042915344,0.3330000042915344,0.10499999672174454,0.15399999916553497
85,0.07283039391040802,444368309.8862979,5.17647123336792,0.26385149359703064,0.22520382702350616,0.2536054849624634,0.25733914971351624,1.3658196926116943,1.165761113166809,1.312781572341919,1.332108736038208,0.10700000077486038,0.4429999887943268,0.16500000655651093,0.2840000092983246,0.18000000715255737,0.3400000035762787,0.14000000059604645,0.3400000035762787,0.0,0.05900000035762787,0.14300000667572021,0.05900000035762787
86,0.05705931782722473,444368309.8862979,5.142857074737549,0.2626971900463104,0.22545015811920166,0.2543316185474396,0.25752100348472595,1.3510141372680664,1.1594579219818115,1.3079911470413208,1.3243937492370605,0.11100000143051147,0.27000001072883606,0.11299999803304672,0.5059999823570251,0.11999999731779099,0.2199999988079071,0.14000000059604645,0.5199999809265137,0.0,0.18199999630451202,0.28600001335144043,0.15399999916553497
87,0.06234835088253021,444368309.8862979,5.109243869781494,0.2639842629432678,0.22588656842708588,0.25247928500175476,0.25764983892440796,1.3487600088119507,1.1541095972061157,1.289978265762329,1.316395878791809,0.017000000923871994,0.1940000057220459,0.17499999701976776,0.6140000224113464,0.019999999552965164,0.1599999964237213,0.23999999463558197,0.5799999833106995,1.0,0.0,0.16699999570846558,0.10300000011920929
88,0.06692890077829361,444368309.8862979,5.075629711151123,0.26320821046829224,0.22514429688453674,0.2547900080680847,0.2568575441837311,1.3359473943710327,1.1427490711212158,1.2932196855545044,1.3037137985229492,0.10700000077486038,0.041999999433755875,0.7609999775886536,0.09099999815225601,0.18000000715255737,0.019999999552965164,0.7400000095367432,0.05999999865889549,0.0,0.0,0.13500000536441803,0.0
89,0.06477747112512589,444368309.8862979,5.042016983032227,0.2624974548816681,0.22688333690166473,0.253520131111145,0.2570990324020386,1.323516607284546,1.1439496278762817,1.2782528400421143,1.2962976694107056,0.06199999898672104,0.3190000057220459,0.1469999998807907,0.47200000286102295,0.0,0.3799999952316284,0.11999999731779099,0.5,0.0,0.0,0.16699999570846558,0.1599999964237213
90,0.05839564651250839,444368309.8862979,5.008403301239014,0.26412537693977356,0.22432458400726318,0.2557647228240967,0.2557853162288666,1.3228464126586914,1.1235079765319824,1.2809728384017944,1.2810760736465454,0.19699999690055847,0.006000000052154064,0.4359999895095825,0.3610000014305115,0.25999999046325684,0.0,0.4399999976158142,0.30000001192092896,0.0,0.0,0.22699999809265137,0.20000000298023224
91,0.06053420528769493,444368309.8862979,4.974789619445801,0.2635662853717804,0.22551816701889038,0.25474029779434204,0.25617530941963196,1.3111867904663086,1.1219054460525513,1.2672793865203857,1.2744182348251343,0.13899999856948853,0.027000000700354576,0.11100000143051147,0.722000002861023,0.14000000059604645,0.0,0.11999999731779099,0.7400000095367432,0.0,0.0,0.3330000042915344,0.1080000028014183
92,0.05549122393131256,444368309.8862979,4.941176414489746,0.2611945569515228,0.2270018756389618,0.25203192234039307,0.2597716450691223,1.2906084060668945,1.1216562986373901,1.2453341484069824,1.283577561378479,0.35600000619888306,0.19300000369548798,0.2199999988079071,0.23100000619888306,0.3400000035762787,0.20000000298023224,0.2199999988079071,0.23999999463558197,0.2939999997615814,0.20000000298023224,0.0,0.25
93,0.06340883672237396,444368309.8862979,4.907563209533691,0.26375988125801086,0.225236177444458,0.2549150288105011,0.25608891248703003,1.2944183349609375,1.105360746383667,1.251011610031128,1.256772518157959,0.09099999815225601,0.19599999487400055,0.5830000042915344,0.12999999523162842,0.05999999865889549,0.25999999046325684,0.5600000023841858,0.11999999731779099,0.0,0.07699999958276749,0.21400000154972076,0.0
94,0.05772137641906738,444368309.8862979,4.8739495277404785,0.26344287395477295,0.2272416204214096,0.25304076075553894,0.2562747597694397,1.2840073108673096,1.1075642108917236,1.2333078384399414,1.2490702867507935,0.13899999856948853,0.6380000114440918,0.16699999570846558,0.05700000002980232,0.03999999910593033,0.699999988079071,0.18000000715255737,0.07999999821186066,0.0,0.14300000667572021,0.11100000143051147,0.0
95,0.06549399346113205,444368309.8862979,4.840335845947266,0.26427578926086426,0.22567589581012726,0.2544682025909424,0.25558021664619446,1.2791835069656372,1.0923471450805664,1.231711506843567,1.2370940446853638,0.4359999895095825,0.04600000008940697,0.5139999985694885,0.004999999888241291,0.3799999952316284,0.07999999821186066,0.5400000214576721,0.0,0.15800000727176666,0.25,0.14800000190734863,0.0
96,0.06969808787107468,444368309.8862979,4.806723117828369,0.26469770073890686,0.2260040044784546,0.25455641746520996,0.2547418177127838,1.2723286151885986,1.0863386392593384,1.2235822677612305,1.2244733572006226,0.006000000052154064,0.1459999978542328,0.597000002861023,0.25099998712539673,0.019999999552965164,0.05999999865889549,0.699999988079071,0.2199999988079071,0.0,0.0,0.17100000381469727,0.0
97,0.050811219960451126,444368309.8862979,4.773109436035156,0.2631523013114929,0.22264514863491058,0.2601534128189087,0.2540491223335266,1.2560547590255737,1.0627096891403198,1.2417407035827637,1.212604284286499,0.39500001072883606,0.49000000953674316,0.007000000216066837,0.10899999737739563,0.47999998927116394,0.41999998688697815,0.0,0.10000000149011612,0.08299999684095383,0.0,0.0,0.0
98,0.05337687209248543,444368309.8862979,4.739495754241943,0.2648290693759918,0.22662067413330078,0.253521203994751,0.25502902269363403,1.2551562786102295,1.0740677118301392,1.2015626430511475,1.2087090015411377,0.3499999940395355,0.004999999888241291,0.40799999237060547,0.2370000034570694,0.30000001192092896,0.0,0.47999998927116394,0.2199999988079071,0.2669999897480011,0.0,0.125,0.27300000190734863
99,0.059044256806373596,444368309.8862979,4.7058820724487305,0.26403623819351196,0.22730399668216705,0.252742201089859,0.25591763854026794,1.242523431777954,1.069665789604187,1.1893749237060547,1.2043181657791138,0.10899999737739563,0.5440000295639038,0.2549999952316284,0.09099999815225601,0.07999999821186066,0.6200000047683716,0.2199999988079071,0.07999999821186066,0.0,0.09700000286102295,0.0,0.25
100,0.06000271439552307,444368309.8862979,4.672268867492676,0.265537291765213,0.2251785397529602,0.2552597224712372,0.2540244162082672,1.24066162109375,1.0520946979522705,1.192642092704773,1.1868703365325928,0.5429999828338623,0.0430000014603138,0.17399999499320984,0.23899999260902405,0.6399999856948853,0.03999999910593033,0.18000000715255737,0.14000000059604645,0.03099999949336052,0.0,0.22200000286102295,0.0
101,0.06223577633500099,444368309.8862979,4.638655662536621,0.26553836464881897,0.22530148923397064,0.2555535137653351,0.2536065876483917,1.2317410707473755,1.0450960397720337,1.1854248046875,1.1763936281204224,0.09200000017881393,0.5419999957084656,0.20600000023841858,0.16099999845027924,0.07999999821186066,0.6399999856948853,0.2199999988079071,0.05999999865889549,0.0,0.125,0.09099999815225601,0.0
102,0.05921774357557297,444368309.8862979,4.605042457580566,0.26590052247047424,0.22555486857891083,0.25495967268943787,0.2535848617553711,1.2244832515716553,1.0386897325515747,1.1741001605987549,1.1677690744400024,0.09700000286102295,0.31700000166893005,0.4699999988079071,0.11500000208616257,0.03999999910593033,0.3799999952316284,0.41999998688697815,0.1599999964237213,0.0,0.10499999672174454,0.38100001215934753,0.125
103,0.05849225074052811,444368309.8862979,4.571429252624512,0.26070111989974976,0.22220097482204437,0.26185548305511475,0.25524231791496277,1.1917767524719238,1.0157760381698608,1.1970537900924683,1.1668221950531006,0.23499999940395355,0.35600000619888306,0.23199999332427979,0.17800000309944153,0.2199999988079071,0.30000001192092896,0.25999999046325684,0.2199999988079071,0.09099999815225601,0.2669999897480011,0.30799999833106995,0.0
104,0.05341799557209015,444368309.8862979,4.537815093994141,0.2656973898410797,0.22580191493034363,0.2556653916835785,0.2528352737426758,1.2056856155395508,1.0246473550796509,1.160162329673767,1.1473196744918823,0.08100000023841858,0.1589999943971634,0.5609999895095825,0.19900000095367432,0.07999999821186066,0.10000000149011612,0.5600000023841858,0.25999999046325684,0.0,0.20000000298023224,0.28600001335144043,0.07699999958276749
105,0.05989709496498108,444368309.8862979,4.504201889038086,0.26584532856941223,0.22584611177444458,0.25533050298690796,0.25297805666923523,1.1974210739135742,1.017256498336792,1.1500601768493652,1.139464259147644,0.13600000739097595,0.10999999940395355,0.5329999923706055,0.22100000083446503,0.11999999731779099,0.20000000298023224,0.46000000834465027,0.2199999988079071,0.0,0.0,0.08699999749660492,0.09099999815225601
106,0.05946125090122223,444368309.8862979,4.470588684082031,0.2672616243362427,0.22360730171203613,0.25782114267349243,0.2513098418712616,1.1948168277740479,0.9996562600135803,1.152612328529358,1.1235029697418213,0.029999999329447746,0.028999999165534973,0.7300000190734863,0.210999995470047,0.05999999865889549,0.0,0.7599999904632568,0.18000000715255737,0.0,0.0,0.289000004529953,0.0
107,0.058003608137369156,444368309.8862979,4.436975002288818,0.2675396800041199,0.2232120931148529,0.25831446051597595,0.2509337067604065,1.187066912651062,0.9903864860534668,1.146134853363037,1.113386631011963,0.4480000138282776,0.4059999883174896,0.14300000667572021,0.003000000026077032,0.36000001430511475,0.5199999809265137,0.11999999731779099,0.0,0.16699999570846558,0.07699999958276749,0.3330000042915344,0.0
108,0.06047428026795387,444368309.8862979,4.4033613204956055,0.2669852375984192,0.22403807938098907,0.2580712139606476,0.2509053945541382,1.1756324768066406,0.9865205883979797,1.1363807916641235,1.1048271656036377,0.23600000143051147,0.14900000393390656,0.25999999046325684,0.35499998927116394,0.18000000715255737,0.10000000149011612,0.3199999928474426,0.4000000059604645,0.4440000057220459,0.20000000298023224,0.25,0.10000000149011612
109,0.060148585587739944,444368309.8862979,4.369748115539551,0.2665511965751648,0.22494111955165863,0.25811630487442017,0.25039142370224,1.1647615432739258,0.9829360246658325,1.1279032230377197,1.0941474437713623,0.40799999237060547,0.296999990940094,0.1459999978542328,0.14900000393390656,0.36000001430511475,0.20000000298023224,0.25999999046325684,0.18000000715255737,0.27799999713897705,0.10000000149011612,0.23100000619888306,0.3330000042915344
110,0.05237932875752449,444368309.8862979,4.336134433746338,0.2638280689716339,0.22686196863651276,0.25755053758621216,0.25175943970680237,1.1439939737319946,0.9837039709091187,1.1167737245559692,1.0916627645492554,0.1080000028014183,0.06400000303983688,0.1459999978542328,0.6819999814033508,0.10000000149011612,0.03999999910593033,0.11999999731779099,0.7400000095367432,0.4000000059604645,0.0,0.0,0.1080000028014183
111,0.049592580646276474,444368309.8862979,4.302521228790283,0.2664317190647125,0.2253962606191635,0.25756514072418213,0.25060686469078064,1.146328091621399,0.969772219657898,1.1081794500350952,1.0782413482666016,0.14800000190734863,0.22699999809265137,0.4620000123977661,0.16300000250339508,0.18000000715255737,0.20000000298023224,0.46000000834465027,0.1599999964237213,0.11100000143051147,0.0,0.12999999523162842,0.125
112,0.058969154953956604,444368309.8862979,4.2689080238342285,0.26543906331062317,0.2270601987838745,0.2544471323490143,0.25305354595184326,1.1331349611282349,0.9692990779876709,1.0862114429473877,1.080262303352356,0.01899999938905239,0.05700000002980232,0.2639999985694885,0.6589999794960022,0.019999999552965164,0.05999999865889549,0.2800000011920929,0.6399999856948853,0.0,0.0,0.28600001335144043,0.09399999678134918
113,0.058806680142879486,444368309.8862979,4.235294342041016,0.2676248848438263,0.22367893159389496,0.25922441482543945,0.2494717389345169,1.1334701776504517,0.9473460912704468,1.0978916883468628,1.0565862655639648,0.1469999998807907,0.31299999356269836,0.289000004529953,0.25099998712539673,0.10000000149011612,0.3799999952316284,0.30000001192092896,0.2199999988079071,0.4000000059604645,0.10499999672174454,0.46700000762939453,0.0
114,0.0500265434384346,444368309.8862979,4.201680660247803,0.2672260105609894,0.22477313876152039,0.2586521506309509,0.2493487000465393,1.1227983236312866,0.9444249272346497,1.0867737531661987,1.047683596611023,0.08900000154972076,0.10300000011920929,0.5109999775886536,0.296999990940094,0.05999999865889549,0.11999999731779099,0.5,0.3199999928474426,0.0,0.0,0.20000000298023224,0.125
115,0.048711471259593964,444368309.8862979,4.168067932128906,0.26363661885261536,0.22424735128879547,0.2587352395057678,0.25338077545166016,1.0988553762435913,0.9346781969070435,1.0784260034561157,1.0561082363128662,0.39399999380111694,0.006000000052154064,0.3580000102519989,0.24199999868869781,0.30000001192092896,0.0,0.5,0.20000000298023224,0.06700000166893005,0.0,0.47999998927116394,0.30000001192092896
116,0.056721460074186325,444368309.8862979,4.134453773498535,0.26836249232292175,0.22261199355125427,0.26112648844718933,0.24789901077747345,1.109532356262207,0.9203789830207825,1.0796153545379639,1.024927020072937,0.5659999847412109,0.017000000923871994,0.40400001406669617,0.013000000268220901,0.6800000071525574,0.019999999552965164,0.30000001192092896,0.0,0.17599999904632568,0.0,0.2669999897480011,0.0
117,0.048697806894779205,444368309.8862979,4.100841045379639,0.26814475655555725,0.22296136617660522,0.26107120513916016,0.24782264232635498,1.0996190309524536,0.9143291115760803,1.0706114768981934,1.016281247138977,0.1679999977350235,0.032999999821186066,0.44600000977516174,0.3529999852180481,0.20000000298023224,0.03999999910593033,0.47999998927116394,0.2800000011920929,0.0,0.5,0.25,0.3569999933242798
118,0.05484188720583916,444368309.8862979,4.067226409912109,0.2686179578304291,0.22244340181350708,0.2615959048271179,0.2473427802324295,1.0925300121307373,0.9047276973724365,1.0639697313308716,1.0059990882873535,0.2750000059604645,0.10599999874830246,0.3050000071525574,0.31299999356269836,0.18000000715255737,0.14000000059604645,0.30000001192092896,0.3799999952316284,0.11100000143051147,0.0,0.06700000166893005,0.05299999937415123
119,0.04927998036146164,444368309.8862979,4.033613681793213,0.26875823736190796,0.22185896337032318,0.2622995376586914,0.24708323180675507,1.0840668678283691,0.8948933482170105,1.058014988899231,0.996638298034668,0.04100000113248825,0.45399999618530273,0.4189999997615814,0.0860000029206276,0.03999999910593033,0.4000000059604645,0.3400000035762787,0.2199999988079071,0.5,0.0,0.17599999904632568,0.27300000190734863
120,0.04901070520281792,444368309.8862979,3.999999761581421,0.26923033595085144,0.2211572825908661,0.2631323039531708,0.24648012220859528,1.0769212245941162,0.8846290707588196,1.0525290966033936,0.9859204292297363,0.14800000190734863,0.23999999463558197,0.24400000274181366,0.36800000071525574,0.10000000149011612,0.2199999988079071,0.4000000059604645,0.2800000011920929,0.0,0.09099999815225601,0.25,0.07100000232458115
